<?xml version="1.0" encoding="UTF-8"?>
<project version="4">
  <component name="ChangeListManager">
    <list default="true" id="acd7acfa-1e0b-4c81-bb87-60e5c4f11481" name="Default Changelist" comment="" />
    <option name="EXCLUDED_CONVERTED_TO_IGNORED" value="true" />
    <option name="SHOW_DIALOG" value="false" />
    <option name="HIGHLIGHT_CONFLICTS" value="true" />
    <option name="HIGHLIGHT_NON_ACTIVE_CHANGELIST" value="false" />
    <option name="LAST_RESOLUTION" value="IGNORE" />
  </component>
  <component name="FileEditorManager">
    <leaf SIDE_TABS_SIZE_LIMIT_KEY="300">
      <file pinned="false" current-in-tab="true">
        <entry file="file://$PROJECT_DIR$/Scraping_flipkart.py">
          <provider selected="true" editor-type-id="text-editor">
            <state relative-caret-position="697">
              <caret line="41" column="4" selection-start-line="41" selection-start-column="4" selection-end-line="41" selection-end-column="4" />
              <folding>
                <element signature="e#0#37#0" expanded="true" />
              </folding>
            </state>
          </provider>
        </entry>
      </file>
    </leaf>
  </component>
  <component name="FileTemplateManagerImpl">
    <option name="RECENT_TEMPLATES">
      <list>
        <option value="Python Script" />
      </list>
    </option>
  </component>
  <component name="IdeDocumentHistory">
    <option name="CHANGED_PATHS">
      <list>
        <option value="$PROJECT_DIR$/Scraping_flipkart.py" />
      </list>
    </option>
  </component>
  <component name="ProjectFrameBounds">
    <option name="x" value="10" />
    <option name="y" value="20" />
    <option name="width" value="1346" />
    <option name="height" value="688" />
  </component>
  <component name="ProjectView">
    <navigator proportions="" version="1">
      <foldersAlwaysOnTop value="true" />
    </navigator>
    <panes>
      <pane id="ProjectPane">
        <subPane>
          <expand>
            <path>
              <item name="untitled" type="b2602c69:ProjectViewProjectNode" />
              <item name="untitled" type="462c0819:PsiDirectoryNode" />
            </path>
          </expand>
          <select />
        </subPane>
      </pane>
      <pane id="Scope" />
    </panes>
  </component>
  <component name="PropertiesComponent">
    <property name="settings.editor.selected.configurable" value="com.jetbrains.python.configuration.PyActiveSdkModuleConfigurable" />
  </component>
  <component name="RunDashboard">
    <option name="ruleStates">
      <list>
        <RuleState>
          <option name="name" value="ConfigurationTypeDashboardGroupingRule" />
        </RuleState>
        <RuleState>
          <option name="name" value="StatusDashboardGroupingRule" />
        </RuleState>
      </list>
    </option>
  </component>
  <component name="RunManager">
    <configuration name="Scraping_flipkart" type="PythonConfigurationType" factoryName="Python" temporary="true">
      <module name="untitled" />
      <option name="INTERPRETER_OPTIONS" value="" />
      <option name="PARENT_ENVS" value="true" />
      <envs>
        <env name="PYTHONUNBUFFERED" value="1" />
      </envs>
      <option name="SDK_HOME" value="" />
      <option name="WORKING_DIRECTORY" value="$PROJECT_DIR$" />
      <option name="IS_MODULE_SDK" value="true" />
      <option name="ADD_CONTENT_ROOTS" value="true" />
      <option name="ADD_SOURCE_ROOTS" value="true" />
      <option name="SCRIPT_NAME" value="$PROJECT_DIR$/Scraping_flipkart.py" />
      <option name="PARAMETERS" value="" />
      <option name="SHOW_COMMAND_LINE" value="false" />
      <option name="EMULATE_TERMINAL" value="false" />
      <option name="MODULE_MODE" value="false" />
      <option name="REDIRECT_INPUT" value="false" />
      <option name="INPUT_FILE" value="" />
      <method v="2" />
    </configuration>
    <recent_temporary>
      <list>
        <item itemvalue="Python.Scraping_flipkart" />
      </list>
    </recent_temporary>
  </component>
  <component name="SvnConfiguration">
    <configuration />
  </component>
  <component name="TaskManager">
    <task active="true" id="Default" summary="Default task">
      <changelist id="acd7acfa-1e0b-4c81-bb87-60e5c4f11481" name="Default Changelist" comment="" />
      <created>1558035353986</created>
      <option name="number" value="Default" />
      <option name="presentableId" value="Default" />
      <updated>1558035353986</updated>
    </task>
    <servers />
  </component>
  <component name="ToolWindowManager">
    <frame x="10" y="20" width="1346" height="688" extended-state="0" />
    <editor active="true" />
    <layout>
      <window_info content_ui="combo" id="Project" order="0" visible="true" weight="0.25" />
      <window_info id="Structure" order="1" side_tool="true" weight="0.25" />
      <window_info id="Favorites" order="2" side_tool="true" />
      <window_info anchor="bottom" id="Message" order="0" />
      <window_info anchor="bottom" id="Find" order="1" />
      <window_info anchor="bottom" id="Run" order="2" weight="0.32972974" />
      <window_info anchor="bottom" id="Debug" order="3" weight="0.4" />
      <window_info anchor="bottom" id="Cvs" order="4" weight="0.25" />
      <window_info anchor="bottom" id="Inspection" order="5" weight="0.4" />
      <window_info anchor="bottom" id="TODO" order="6" />
      <window_info anchor="bottom" id="Version Control" order="7" />
      <window_info anchor="bottom" id="Terminal" order="8" />
      <window_info anchor="bottom" id="Event Log" order="9" side_tool="true" />
      <window_info anchor="bottom" id="Python Console" order="10" />
      <window_info anchor="right" id="Commander" internal_type="SLIDING" order="0" type="SLIDING" weight="0.4" />
      <window_info anchor="right" id="Ant Build" order="1" weight="0.25" />
      <window_info anchor="right" content_ui="combo" id="Hierarchy" order="2" weight="0.25" />
    </layout>
  </component>
  <component name="editorHistoryManager">
    <entry file="file://$PROJECT_DIR$/Scraping_flipkart.py">
      <provider selected="true" editor-type-id="text-editor">
        <state relative-caret-position="697">
          <caret line="41" column="4" selection-start-line="41" selection-start-column="4" selection-end-line="41" selection-end-column="4" />
          <folding>
            <element signature="e#0#37#0" expanded="true" />
          </folding>
        </state>
      </provider>
    </entry>
  </component>
</project>